ProviderId,ProviderUpdatedOn,Id,Name,PhoneNumber,Email,UpdatedOn,Status,RequestType,PhysicalState,StreetAddress,City,RemoveReason,ZipCode,Country,DBA,Website,FaxNumber
f228524b-86e3-48f7-b492-c86b44c22425,2025-11-06T20:02:52.625814+00:00,9aee16e5-4afb-4ed3-9915-c9636c64f995,Zeigler-Royalton CUSD 188,+1 618-596-5841,mmorgan@zr188.org,2022-03-24T19:09:39.950165+00:00,Active,None,Illinois (IL),4989 IL-148,Mulkeytown,No longer providing training,62865-3296,US,,,
e8ab21e6-dcb2-40d4-8b50-6fab98a0eceb,2025-11-06T19:54:54.0886+00:00,ba9f2a57-9f3c-45fd-b136-06889cd2c386,"XAVIER CHARTER SCHOOL, INC.",+1 503-508-0165,KChuculate@xaviercharter.org,2024-06-17T13:54:29.538145+00:00,Active,None,Idaho (ID),1218 N College Rd W,Twin Falls,No longer providing training,83301-5651,US,"XAVIER CHARTER SCHOOL, INC.",,
006a5603-017d-47ee-81e9-54e80b9655a6,2026-01-21T19:13:44.808567+00:00,dae1cb9c-c004-4f1c-8354-5b121d932b71,Wolverine West Fireworks,+1 360-791-5055,info@wolverinewest.com,2022-03-15T00:23:50.214591+00:00,Active,None,Washington (WA),POB 628,Chehalis,No longer providing training,98532,US,,https://www.wolverinewest.com,
3a4e650d-c747-44ec-9e51-b8ef9b29507f,2025-11-17T15:41:07.285025+00:00,7a525bd0-595e-4c17-b631-1fd1aea8c9a5,wisdom Trans,+1 732-718-9953,wtcdltraining@gmail.com,2022-10-06T13:45:38.68342+00:00,Active,None,New Jersey (NJ),26 Conor Rd,Jackson,No longer providing training,08527-3782,US,,,
c950ebc6-f8a9-4196-8884-c3744cc3453f,2026-01-16T16:03:24.338886+00:00,a81ac9a9-4f38-4b10-bb28-6dc2270f146c,Wipf Custom Farms LLC,+1 605-266-2866,wipfcustomfarms@gmail.com,2024-02-07T18:23:12.285457+00:00,Active,None,South Dakota (SD),18516 403rd Ave,Frankfort,No longer providing training,57440-7800,US,,,
f02161d1-2e57-4f40-8eac-3cb0e3cca493,2025-11-06T19:59:17.21131+00:00,0eab21fc-05c1-4f2b-91e0-c923ed9d7ec2,Westran R1 School,+1 660-277-4299,cwelch@westran.k12.mo.us,2022-04-12T17:18:46.992048+00:00,Active,None,Missouri (MO),228 Huntsville Ave,Huntsville,No longer providing training,65259-1230,US,,,
ac4a317c-3221-4e32-9b1f-71c1b8074b29,2025-11-06T19:10:06.243939+00:00,1848cbcf-393f-4ea9-aa81-2359673afbf4,Wells Propane Inc.,+1 775-752-3421,wpropane.ar@gmail.com,2024-07-23T19:10:56.394649+00:00,Active,None,Nevada (NV),338 Easy St,Wells,No longer providing training,89835,US,,,
8190c133-d57d-4fc5-a825-e0134394bc98,2025-11-06T18:39:13.369187+00:00,2e55f7bd-3586-490d-9119-34c4388a74e1,Waterford-Halfmoon UFSD,+1 518-237-0800,jharblin@whufsd.org,2022-10-26T14:20:48.269895+00:00,Active,None,New York (NY),125 Middletown Rd,Waterford,No longer providing training,12188,US,,https://www.whufsd.org/,
c20cea0f-6969-4d4d-b611-da3808351ac9,2025-11-06T19:24:59.655202+00:00,2c03b9a6-dfa6-4666-878c-4d3eae9fcc25,Washington County Road Department,+1 402-426-6844,washcoroad@abbnebraska.com,2023-09-22T19:55:13.09983+00:00,Active,None,Nebraska (NE),8845 Berry Hill Rd,Blair,No longer providing training,68008,US,,,
bfd3ce2a-d663-4870-a29d-bdee6bff4131,2025-11-06T19:23:13.367425+00:00,4486612b-d460-4f15-937f-23db73aaf730,Village of Roxana,+1 618-254-1951,roxanastreet@roxana-il.org,2025-01-17T15:13:26.682396+00:00,Active,None,Illinois (IL),310 N. Central,Roxana,No longer providing training,62084,US,Village of Roxana,https://roxana-il.org,
6218d0e2-812c-4c91-9bdb-43b50ff94145,2025-11-06T18:21:28.491054+00:00,be33369a-1e09-48d7-ac58-e6f38af89ba0,Village of Milan,+1 309-787-8500,danielledewaele@milan.il.us,2022-07-12T20:23:59.940768+00:00,Active,None,Illinois (IL),405 1st St E,Milan,No longer providing training,61264-2740,US,,,
6eaf04d7-5495-49d2-97b0-93ba433986cd,2025-11-06T18:31:52.779414+00:00,d0628a40-7b5d-425e-888f-d28660038bc5,VEL COACH INC,+1 845-623-1332,LINDA@VELCOACHINC.COM,2023-06-30T20:41:02.494978+00:00,Active,None,New York (NY),230 MAIN ST,NANUET,No longer providing training,10954,US,,,+1 845-623-1330
69ccb626-c68b-43fa-b5f5-1ddb75c92bca,2025-08-11T02:04:48.475935+00:00,f8100326-1138-4433-a468-05e05b53cb4b,Vector MC LLC,+1 267-230-9809,vectorcdlt@gmail.com,2024-02-20T17:58:44.837657+00:00,Active,None,Pennsylvania (PA),52 E Georgianna Dr,Richboro,Involuntary Removal,18954-1341,US,,,
ef442b81-83be-43bd-b889-69e92b5bdeeb,2025-11-17T20:05:26.941042+00:00,2e8e3d84-4d29-4bb9-8a12-b1dbc42e0093,USD323 Rock Creek,+1 785-494-8597,holadayp@usd323.org,2022-09-07T18:38:16.140723+00:00,Active,None,Kansas (KS),9353 Flush Rd,Saint George,No longer providing training,66535,US,school,,
10a0f481-7ae2-44d3-8b2f-d27f33af9cf5,2026-01-07T15:16:27.42218+00:00,18aa32b6-976b-4a16-9821-4dc05fdfe5cb,USD 333 Concordia Public Schools,+1 785-243-3518,luciana.thrash@usd333.com,2022-01-14T16:53:17.085502+00:00,Active,None,Kansas (KS),217 W. 7th,Concordia,No longer providing training,66901,US,USD 333 Concordia Public Schools,,
07e8ce73-1df8-464e-8ba4-8e9ab8c825de,2025-11-17T19:50:31.061925+00:00,6f28f217-5cb8-46ee-b5c4-9a7fd0430b81,USD #212,+1 785-664-2446,mgebhard@nvhuskies.org,2024-07-01T21:26:08.599857+00:00,Active,None,Kansas (KS),512 BRYANT ST,Almena,No longer providing training,67622,US,,,
0976ba55-7f1a-4916-9b4b-5bfc60813e74,2025-12-15T16:16:44.932054+00:00,e2212eda-293b-47de-aa96-8314bda6f741,United Moving & Storage Inc. ,+1 360-842-0102,swashburn@united-moving.com,2022-01-20T20:31:08.273266+00:00,Active,None,Washington (WA),1770 NE Fuson Road ,Bremerton,No longer providing training,98311,US,,https://www.movewithunited.com/,+1 360-373-2751
d0d0b130-2bd7-4c18-9db8-6d7965fa83d7,2025-11-06T19:38:20.895151+00:00,fa0c361c-4535-4e77-8066-aba2928e54fa,"Tyler Rental, Inc.",+1 907-225-6069,rosaliec@tylerrental.com,2022-07-25T20:33:58.180789+00:00,Active,None,Alaska (AK),5216 Borch Street,Ketchikan,No longer providing training,99901,US,,http://www.tylerrental.com,
5ff5b992-486d-410d-a6e4-10edbe1f314b,2025-12-08T19:40:30.93309+00:00,b4710776-f376-498d-8783-550bdd404e62,Tukwila School District,+1 206-901-8050,kellys@tukwila.wednet.edu,2025-12-08T19:40:30.933093+00:00,Active,None,Washington (WA),"3825 S 128TH ST, TUKWILA, WA 98168",Tukwila,No longer providing training,98168,US,Tukwila School District,https://www.tukwilaschools.org,+1 206-244-7748
86016a90-c97f-491e-92f1-a4967b45e489,2025-11-17T19:58:18.278328+00:00,3b362fab-52d3-4929-96dd-9be2a533d5d5,Tucker County Board of Education,+1 304-940-6860,hlpoling@k12.wv.us,2023-05-24T16:08:08.98149+00:00,Active,None,West Virginia (WV),100 Education Ln,Parsons,No longer providing training,26287-1307,US,,,
33c97377-aa20-4efc-91da-e541d629128a,2025-11-06T17:53:06.645915+00:00,dfa82a20-4fce-469c-84ab-b0cc1e03087d,Truss Components of Washington Inc.,+1 360-753-0057,william@tcowinc.com,2025-10-17T15:03:38.393652+00:00,Active,None,Washington (WA),5232 Joppa St SW,Tumwater,No longer providing training,98512-6782,US,,,
44f547bb-1f6f-4728-b7bb-2c351defbb00,2025-11-06T18:00:21.331215+00:00,00879420-a6e3-4192-9baf-8333ede7060a,"Transco Lines, Inc",+1 913-233-5700,laura.wolfe@transcolines.com,2022-04-08T18:31:51.935355+00:00,Active,None,Arkansas (AR),401 N ARKANSAS AVE,RUSSELLVILLE,No longer providing training,72801,US,,http://transcolines.com/,
b1a8644b-c188-4d81-9fc9-2a0202b66673,2024-08-02T19:44:38.22178+00:00,ceea44b0-8827-4557-8a28-92c998123471,Train 4 Less,+1 832-766-6378,Parisruss71@gmail.com,2024-08-02T19:44:38.221783+00:00,Active,None,Colorado (CO),1316 S Bowen St,Longmont,Set In-Review,80501-6641,US,,,
f0750e75-02be-4264-83a2-8e597f513261,2025-11-06T19:59:51.881659+00:00,762f74ac-df68-40e5-aa8c-c62127fdec55,Township of Clinton,+1 908-735-8800,jmeixsell@clintontwpnj.org,2024-05-08T14:16:37.898189+00:00,Active,None,New Jersey (NJ),"1225 RT31s, Building D suite 411",Lebanon,No longer providing training,08833,US,Township of Clinton,,
8c0319d6-98df-4f75-945b-56329536532f,2025-11-17T19:37:23.297109+00:00,c4131bc5-8e5f-47fb-a680-da9ae9d97b71,Town of Yarmouth Public Works,+1 207-846-2401,dmadsen@yarmouth.me.us,2025-11-17T19:37:23.29711+00:00,Active,None,Maine (ME),56 North Rd,Yarmouth,No longer providing training,04096,US,,,
574aac55-bd47-457a-bdbd-9bd61e8b1968,2025-11-06T18:12:58.230649+00:00,8cecceca-aa09-4c2c-940b-325aeb60c0b4,Town of Holly Springs NC,+1 919-244-0189,daniel.eckert@hollyspringsnc.gov,2023-10-27T18:00:49.95675+00:00,Active,None,North Carolina (NC),101 Thomas Mill Rd,Holly Springs,No longer providing training,27540,US,,,
c22b152d-607b-46f7-b95e-6b544706aa8f,2025-11-06T19:25:13.699058+00:00,4d846c6e-71ba-4bce-9125-53164a0e7072,Torgeson Electric,+1 785-233-2213,allena@torgesonelectric.com,2024-12-12T19:47:33.197818+00:00,Active,None,Kansas (KS),1400 NW Saline St,Topeka,No longer providing training,66618,US,Torgeson Electric,,
9046718a-6099-4df7-9d8a-54f824f4b96f,2025-08-12T20:03:07.448535+00:00,f0b82c3c-012c-445f-b3d6-7eadf672a093,Top Rated Towing LLC,+1 316-516-8777,topratedtowingllc@gmail.com,2023-09-19T12:45:36.371321+00:00,Active,None,Kansas (KS),1659 S 111th St W,Wichita,Involuntary Removal,67209-1207,US,,,
bd597973-3e52-4a71-a5ed-e803b566047f,2025-12-18T19:14:13.44116+00:00,160caa58-06aa-431b-887e-79627b6ef664,Tonatec Exploration LLC,+1 801-446-2400,reece@tonatec.com,2025-12-18T19:14:13.441162+00:00,Active,None,Utah (UT),1538 Kodiak Creek CT,South Jordan,No longer providing training,84095,US,Tonatec Exploration,,
9a768249-d4c2-446e-9b19-2a7993856d5a,2025-11-06T18:48:25.44077+00:00,cc6acb44-1155-431e-97d2-b84230df00d0,Tehama County Public Works,+1 530-385-1462,pwadmin@tcpw.ca.gov,2022-03-25T12:39:51.448832+00:00,Active,None,California (CA),9380 San Benito Ave,Gerber,No longer providing training,96035-9701,US,,,
35914d4d-502f-4d4b-9412-9514e063ac82,2025-11-06T17:54:13.100468+00:00,fd0be6e1-d546-45dd-868d-f70ba40cedfc,Teamsters local 456 Education and Training Fund,+1 914-383-5573,Denise@Teamsterslocal456funds.com,2025-10-27T14:37:12.926662+00:00,Active,None,New York (NY),160 S Central Ave,Elmsford,No longer providing training,10523,US,,,
93856c42-81d4-46be-b75b-cb936378f7c3,2025-11-06T18:45:54.902738+00:00,560f7b4b-c818-4111-8aa2-62e6d71e90ab,"Taylorsville Tree Care, LLC",+1 828-640-0535,taylorsvilletreecare@gmail.com,2022-09-13T11:58:53.458954+00:00,Active,None,North Carolina (NC),31 Fox Farm Rd,Hiddenite,No longer providing training,28636,US,,https://taylorsvilletreecare.com,
2cd382fc-4dc2-4188-9955-f64301052ee3,2025-11-06T17:49:42.781194+00:00,c7222a73-5495-4ba5-9d51-2188d74aa177,Tatum Municipal Schools,+1 575-398-4455,bus@tatumschools.org,2024-08-08T13:22:46.216338+00:00,Active,None,New Mexico (NM),306 W Third Street,Tatum,No longer providing training,88267,US,,,
b37b1e98-2c1d-460c-9c7c-1bc7c19dc67a,2025-11-06T19:12:55.094304+00:00,0ef46690-bcf5-4115-b1ea-1b648e625d48,Superior Inc,+1 701-428-3853,ryan.jewett@superiorbins.com,2022-03-22T14:01:14.362017+00:00,Active,None,North Dakota (ND),5069 168th Ave SE,Kindred,No longer providing training,58051,US,Superior Grain Equipment,,
20f7f17e-0ca9-4d78-a4cc-232a57804dd4,2025-07-31T02:24:41.182116+00:00,fc63c711-652f-4b2b-b17d-8c305e46c4ef,SUPER SERGE SKILLS LLC,+1 215-833-6835,kadtsin@yahoo.com,2021-07-30T14:49:25.484122+00:00,Active,None,Pennsylvania (PA),3433 PROGRESS DRIVE,BENSALEM,Set In-Review,19020,US,SSS,https://supersergeskills.com/,+1 267-224-4488
04fb8ca0-de5c-4f0c-b7e6-805c2e70b7c2,2025-11-06T17:30:56.500156+00:00,85938b60-b8bb-4e53-a8b3-6ad4d02bf511,Strider Construction,+1 360-303-1630,Nickv@striderconstruction.com,2021-12-01T15:12:57.249395+00:00,Active,None,Washington (WA),4721 Northwest Dr,Bellingham,No longer providing training,98226,US,,,
18b98a5e-d7a7-4c41-a962-7d58fe159a7e,2025-08-12T19:58:58.50239+00:00,33a08b6e-bc02-4615-88e1-99794d2e819f,Springs Truck Driving school ,+1 719-338-1550,steve@springstruckdrivingschool.com,2025-01-02T20:11:18.220363+00:00,Active,None,Colorado (CO),6550 mark Dabling Blvd ,Colorado Springs ,Involuntary Removal,80919,US,Colorado Training Solutions,http://springstruckdrivingschool.com,
11646582-cfa3-4432-a7a3-31391f87e727,2025-11-06T17:36:06.745652+00:00,d5e292af-a860-4b24-ba9b-86d9ddfa7b5c,Spokane Metals LLC,+1 509-244-9476,eli@spokanemetals.com,2022-09-08T17:26:44.69355+00:00,Active,None,Washington (WA),18515 Garland Ave,Spokane Valley,No longer providing training,99027,US,,,
f521b66d-3a97-4442-850a-9a66d61c76d7,2025-11-06T20:03:53.612812+00:00,d4c1ae33-0d7d-449c-90a3-444ffb9d5d48,SouthWest Rentals,+1 260-610-5370,southwestequipmentrental@gmail.com,2023-01-20T18:37:51.875809+00:00,Active,None,Indiana (IN),9029 US-24,Roanoke,No longer providing training,46783-9401,US,,,
d1840ff9-928a-4046-9cf7-59d415c5142c,2025-11-06T19:39:03.324248+00:00,3820fb11-bf9f-48b0-9b1d-d3723865b30a,South Jersey Transportation Services LLC,+1 856-249-8770,southjerseytransportation@gmail.com,2024-05-20T17:11:28.630775+00:00,Active,None,New Jersey (NJ),325 East Clements Bridge Road,Runnemeade,No longer providing training,08078,US,,,
b4489556-643b-4cd9-a531-ca551d464d11,2025-11-06T19:13:23.47659+00:00,c19122df-479d-4401-a0dc-69d54f9bdd0b,Smith Brothers Distributing Co,+1 502-203-2811,niece@smithbdc.com,2025-11-06T14:24:43.681756+00:00,Active,None,Kentucky (KY),1207 N 3rd St,Bardstown,No longer providing training,40004-2617,US,Smith Brothers Distributing Co,,+1 502-348-4890
4dbced5f-0b76-4498-9569-6fdcad0563de,2025-11-21T20:00:00.075426+00:00,5f6d95f7-2348-456a-b3df-96dc2637998d,Sitka Tribe of Alaska,+1 907-747-7394,alysha.guthrie@sitkatribe-nsn.gov,2025-09-26T13:11:34.033266+00:00,Active,None,Alaska (AK),204 Siganaka Way,Sitka,No longer providing training,99835,US,Sitka Tribe of Alaska,http://www.sitkatribe.org,
e474d0cc-801e-427f-b494-188666121ed3,2026-01-05T13:14:34.429257+00:00,856ae0b3-32f7-4636-b02d-3f59812e189b,Shelby Road Baptist Church,+1 231-861-6144,srbc@shelbyroad.org,2024-01-30T14:40:04.612161+00:00,Active,None,Michigan (MI),4066 W Shelby Rd,Shelby,No longer providing training,49455-8682,US,,,
a72afc7e-e5a9-4443-85a9-dcdd4f578ab4,2026-01-07T18:53:28.298302+00:00,83559540-2152-4fbb-a251-d3ebe08c7e59,Seneca THSD 160,+1 815-357-7048,sgould@senecahs.org,2022-02-04T12:15:22.332744+00:00,Active,None,Illinois (IL),307 E. Scott St.,Seneca,No longer providing training,61360,US,,,
6ee1d780-1601-4d88-8ce8-d5bcb0e3b571,2025-12-22T13:10:58.357864+00:00,e9cd0d5d-a230-4558-8543-51d78bc973ec,"Schutte Excavating, Inc",+1 812-614-2460,beka@schutteexcavating.com,2024-01-11T20:01:21.907666+00:00,Active,None,Indiana (IN),921 W Keegans Wy,Greensburg,No longer providing training,47240-3401,US,,,
a55c4c13-e5da-45fa-9096-184b6a87f78f,2025-11-06T18:55:08.512395+00:00,105a44a3-f7fc-49b2-bcd5-b1c42453493e,Schulz Bus Service LLC,+1 715-499-5456,scottandangieschulz@yahoo.com,2022-09-13T13:17:12.169234+00:00,Active,None,Wisconsin (WI),4224 Jenny Ln,Rhinelander,No longer providing training,54501,US,,,
51e000aa-df61-46e3-9f0c-f8c1e09cfefe,2025-11-06T18:08:32.029749+00:00,3e3d1dee-aa0c-4e28-ab19-0c593efa2381,Rudin Brothers LLC,+1 815-735-4203,rudinbrothersllc@gmail.com,2023-02-27T17:35:37.806891+00:00,Active,None,Illinois (IL),3550 N 450 E Rd,Foosland,No longer providing training,61845,US,,,
5e7f35e9-09d4-4bf2-bcc8-88a83d9c9a60,2025-11-06T18:18:58.065398+00:00,18696235-47c4-498e-8a70-18dd024f090c,Ruck & Company,+1 614-397-0322,ianruck2004@hotmail.com,2023-07-19T12:57:58.848405+00:00,Active,None,Ohio (OH),259 Chateaugay Dr SW,Pataskala,No longer providing training,43062-8412,US,,,
c1ac183b-bccf-4af2-9167-5d5082c98cbf,2025-12-29T20:09:06.774444+00:00,d426fd40-19ba-4b28-b9e5-5eee3bccb1ed,RPR Driving School ,+1 802-661-5599,krissy@rprdrivingschool.com,2021-09-16T22:32:04.036213+00:00,Active,None,Vermont (VT),167 Boynton Street ,Barre ,No longer providing training,05641,US,,https://rprdrivingschool.com,
b8986c83-2796-4c6c-ba1d-7cb66546855c,2025-11-06T19:16:17.165696+00:00,8a6ecb5b-729a-4972-b693-b4a2a5f6d5de,Rowley's South Ridge Farms,+1 801-754-5511,marc.a.rowley@gmail.com,2023-02-06T13:01:33.679217+00:00,Active,None,Utah (UT),"5625 South Highway 6, Eureka, UT 84628",Eureka,No longer providing training,84628,US,Rowley's South Ridge Farms,,
4e95674c-a7d9-4ac2-81c2-b776911060f4,2025-11-06T18:06:23.3191+00:00,2322d543-fd02-4a5b-84f9-4611b3f9747f,Roseburg Urban Sanitary Authority,+1 541-672-1551,kbartlett@rusa-or.org,2024-12-23T20:48:23.555683+00:00,Active,None,Oregon (OR),1297 NE Grandview Dr,Roseburg,No longer providing training,97470-6400,US,,https://www.rusa-or.org/,
3b8512e8-0245-4018-8be3-6eb591cfb1f6,2025-12-29T13:32:23.300164+00:00,9ea64a83-479f-4a29-b3b6-7c7c1e266685,Roadway Construction Solutions LLC,+1 910-352-5837,hb@roadwayconstructionsolutions.com,2022-09-28T18:59:10.663987+00:00,Active,None,North Carolina (NC),4506 dean drive,wilmington,Set In-Review,28405,US,Roadway Construction Solutions LLC,https://roadwayconstructionsolutions.com/,
f835179a-f0b1-4f20-897a-c4fabef1ee8c,2026-01-05T14:31:41.89237+00:00,a089f467-e2c2-41b2-b06c-9dcb2caa0ed9,Rhode Island Division of Sheriffs,+1 401-275-2900,brian.scott@risheriffs.gov,2021-12-29T18:34:28.146163+00:00,Active,None,Rhode Island (RI),670 New London Ave.,Cranston,No longer providing training,02920,US,,http://www.sheriffs.ri.gov,+1 401-275-2914
f4ffe3e4-f8fa-4695-9ef4-588a54bc88c9,2025-09-17T13:12:05.222399+00:00,5178bc78-5738-496f-813a-f005b8ab812b,Premier Trucking School llc,+1 530-360-1129,joe@premiertruckschool.com,2023-08-11T17:32:13.020216+00:00,Active,None,California (CA),482 Antelope Blvd,Red Bluff,Involuntary Removal,96080,US,,,
9e9afa95-15ea-431c-91fb-4304acdeebe4,2025-11-06T18:50:48.417127+00:00,a3f23285-ce0a-48cc-bbf6-a3934ab5c0ba,Pope County Community Unit # 1 School Dist.,+1 618-683-2301,groper@popek12.org,2025-09-25T12:39:30.937177+00:00,Active,None,Illinois (IL),125 Highway 146 W.,Golconda,No longer providing training,62938,US,,,+1 618-683-5181
c1595627-2454-4742-8563-432c01fc216f,2025-12-15T17:54:59.724457+00:00,5b273f84-aa9a-4113-a197-5375703f2c6d,Pineville Independent Schools,+1 606-337-5701,bill.keyes@pineville.kyschools.us,2023-10-19T19:41:01.970961+00:00,Active,None,Kentucky (KY),401 Virginia Avenue,Pineville,No longer providing training,40977,US,,https://pineville.kyschools.us,+1 606-337-9983
b1e0e08e-8ed6-4b7c-b222-e693f9f28b27,2025-11-19T19:57:49.413325+00:00,f1e22eb3-f6c1-4ae3-9db6-e822f181544c,Pinelands Adventures,+1 609-268-0189,info@pinelandsadventures.org,2025-11-19T19:57:49.413328+00:00,Active,None,New Jersey (NJ),1005 Atsion Rd,Shamong,No longer providing training,08088,US,,,
b28e2901-f3c9-4f7e-8a83-1599cf828232,2025-11-06T19:12:40.871565+00:00,cb66793e-275c-45d2-95fd-30d6a497fa61,Peterman Transportation LLC,+1 317-619-2735,abarry@petermanhvac.com,2023-05-17T14:05:16.989992+00:00,Active,None,Indiana (IN),677 Commerce Pkwy W Dr,Greenwood,No longer providing training,46143-7532,US,,,
728261e1-dffe-4a27-bd39-8d046fc5263f,2025-11-06T18:33:08.602805+00:00,1d4d4888-f515-4e85-b186-ea6a9e67d51f,PERRY PALLET,+1 360-366-5239,solutions@perrypallet.com,2023-04-17T17:29:18.412022+00:00,Active,None,Washington (WA),6940 Delta Line Rd,Ferndale,No longer providing training,98248-9706,US,PERRY PALLET CO,,
d4b6d0a1-1d65-4564-b954-3a180b591968,2025-11-06T19:40:35.739788+00:00,9f5a3de5-3289-4ec4-90d6-8b3540eb0344,"Pegram Construction, Inc.",+1 509-488-2246,doyle@pegramconstruction.com,2023-06-15T20:01:58.315551+00:00,Active,None,Washington (WA),13 W Moon St,Othello,No longer providing training,99344,US,,,+1 509-488-5419
2f79d558-dbd2-4fb5-885d-662c0c851723,2026-01-11T03:56:14.92945+00:00,46f8ef9e-dc10-4ca2-ba9c-a774d2a05a8f,Paris City Schools,+1 859-987-2160,tabitha.pelfrey@paris.kyschools.us,2024-01-17T16:42:43.303423+00:00,Active,None,Kentucky (KY),310 W 7th St,Paris,No longer providing training,40361-1439,US,,,
00682ccd-14b8-4259-a3d8-e93816d1b258,2025-11-06T17:24:35.062743+00:00,5d636eda-50f1-445a-9f2a-6db13bb74633,Palmetto Breeze Public Transportation,+1 843-757-5782,tmitchell@palmettobreezetransit.com,2023-02-10T21:17:05.629012+00:00,Active,None,South Carolina (SC),25 Benton Field Dr,Bluffton,No longer providing training,29910-8218,US,,https://www.palmettobreezetransit.com,
46cafc22-8e52-4848-b9b5-63abf6d17116,2025-12-15T14:00:09.530974+00:00,2b062c96-a581-4c41-8061-97f1194c4f62,Paintsville Independent Schools,+1 606-789-2654,john.miller@paintsville.kyschools.us,2021-08-03T13:57:17.711309+00:00,Active,None,Kentucky (KY),220 Main Street,Paintsville,No longer providing training,41240,US,,,
7228994a-7819-4441-b32f-e796942155b2,2025-08-12T19:58:21.419709+00:00,93da6a69-5372-4202-87bd-2231e9771796,"Pacific Stevedoring, LLC",+1 907-581-8648,safety@pacsteve.com,2025-06-26T17:18:54.890011+00:00,Active,None,Alaska (AK),PO BOX 920724 - 1362 Ballyhoo RD,Dutch Harbor,Involuntary Removal,99692,US,"Pacific Stevedoring, LLC",,+1 907-581-2950
d56e4498-fc5f-4154-81d8-f230d31625b1,2025-11-17T20:03:30.736423+00:00,1fef6ac5-86e4-4a42-a6d7-dd35043d6a07,"Pacific Star Excavating, Inc.",+1 360-896-7251,info@pacificstarexcavating.com,2023-11-07T13:35:16.152103+00:00,Active,None,Washington (WA),6212 NE 152nd Ave,Vancouver,No longer providing training,98682,US,,,
8ee365f0-f0a2-4b9c-a070-487864512e27,2025-11-06T18:43:53.640414+00:00,a69fe318-b46e-4e28-ac34-cc653c8dac80,Pacific Sanitation,+1 503-991-7213,kyle@pacsan.net,2022-10-27T19:29:39.382261+00:00,Active,None,Oregon (OR),3475 Blossom Dr NE,Salem,No longer providing training,97305-1715,US,Pacific Sanitation,,
efefd376-0109-480e-849e-fc9a699e900e,2025-11-06T19:59:06.208419+00:00,fc9b6bcd-99d5-4ad6-94f0-03b03a63046c,"Pacific Coachways Charter Services, Inc.",+1 714-892-5000,mgiddens@pacificcoachways.com,2022-02-03T18:37:23.71498+00:00,Active,None,California (CA),11771 Markon Drive,Garden Grove,No longer providing training,92841,US,,http://www.pacificcoachways.com,
1cee922f-3726-408c-9fa1-a975daab860d,2025-08-12T20:04:13.362973+00:00,96d4e3c6-e6f2-4312-8afb-b283d968ee7e,Overland Charters,+1 316-652-9463,safety@overlandcharters.com,2022-06-06T17:11:49.964382+00:00,Active,None,Kansas (KS),3333 N Hillside,Wichita,Involuntary Removal,67219,US,Overland Charters,,
13fb6c7b-bce2-484f-8d2c-ebcc8219ee44,2025-11-06T17:37:13.800746+00:00,a85078d5-1399-4f48-b20d-4f3996eb771d,Otsego Public Schools,+1 269-694-7940,cbarnhart@otsegops.org,2023-02-07T15:52:45.254575+00:00,Active,None,Michigan (MI),400 Sherwood St.,Otsego,No longer providing training,49078,US,,,
ca14f46f-7023-4046-afaf-4a8400d7b2b8,2025-11-06T19:35:11.972992+00:00,5687bfc9-9be0-4fa0-8c03-9d55e758cfd8,Orleans Community Schools,+1 812-865-2688,jellis@orleans.k12.in.us,2023-02-24T15:44:42.165971+00:00,Active,None,Indiana (IN),173 W Marley Street,Orleans,No longer providing training,47452,US,Orleans Community Schools,https://www.orleans.k12.in.us/,
8a0b8e5b-a709-44ec-9741-c8cb2c447a43,2025-12-28T02:15:21.779648+00:00,35248424-ca2a-4e76-9ab2-fe1f202dbc73,OKANOGAN SCHOOL DISTRICT #105,+1 509-422-3300,lscroggins@oksd.wednet.edu,2023-12-27T12:56:41.275117+00:00,Active,None,Washington (WA),115 Rose St,Okanogan,No longer providing training,98840,US,,https://www.oksd.wednet.edu/,
f2ae75e6-3a02-4fee-baf7-bac321b28293,2025-12-24T14:25:47.944509+00:00,bb5e5205-cc8a-4099-909e-6ae017b7f766,Oil Recovery Corp,+1 413-737-2949,orc@oilrecoverycorp.com,2022-02-08T15:47:07.553715+00:00,Active,None,Massachusetts (MA),138 Palmer Ave,West Springfield,No longer providing training,01089-4019,US,,,+1 413-737-6074
10b17704-e6ad-43d1-8ed1-1866bffb5cfd,2025-11-06T17:35:42.27428+00:00,ad23a791-bdb6-473b-a3a5-c3f74f661d6f,Northwood R4 School District,+1 573-247-3907,mikemanes@northwood.k12.mo.us,2022-11-15T14:25:13.864965+00:00,Active,None,Missouri (MO),3734 N Hwy 19,Salem,No longer providing training,65560-8056,US,,,
d9aa92c1-2a56-47d4-9546-cf211591d7ab,2025-11-06T19:43:19.888917+00:00,fdd92a3e-00dd-48a3-a835-cd0218307c55,"Northern Outdoors, Inc.",+1 207-663-4466,zdavis@northernoutdoors.com,2022-11-02T16:42:43.489085+00:00,Active,None,Maine (ME),1771 US Route 201,The Forks Plt,No longer providing training,04985,US,,https://www.northernoutdoors.com/,
7ae79276-4640-4fe5-91eb-5e01a0592ca4,2025-11-06T18:36:26.808271+00:00,1878ea27-cfbc-497d-8458-505639420276,North Dakota Forest Service,+1 701-228-3700,mitchell.thompson@ndsu.edu,2023-03-01T16:55:28.049561+00:00,Active,None,North Dakota (ND),1037 Forestry Dr,Bottineau,No longer providing training,58318-1511,US,,,
40634d2c-2316-42c4-8440-d1f3a8138e57,2025-11-06T17:58:29.023605+00:00,98bdfea2-5ed3-428a-a468-37d4da1b9b95,Norris City-Omaha-Enfield CUSD,+1 618-378-3222,jjackson@ncoeschools.org,2023-06-22T19:23:31.269069+00:00,Active,None,Illinois (IL),409 E Third Street,Norris City,No longer providing training,62869,US,Norris City-Omaha-Enfield CUSD,,+1 618-378-3286
73616b0a-c811-406a-8f21-0a8ff946a900,2025-11-06T18:33:36.786879+00:00,4387fc16-a9a6-4fb6-b2f3-fddbe796e2bc,New Hanover County Sheriff Office,,,2023-02-24T16:24:34.556198+00:00,Active,None,North Carolina (NC),,Castle Hayne,No longer providing training,28429-6109,US,,,
ff0e96bc-9f43-4e8a-b457-d42064e109fd,2025-11-06T20:10:35.823066+00:00,38a3988f-101e-4923-baea-35aafea09a44,"Nelson & Sons Construction Co., Inc.",+1 360-668-3800,info@teamnelsoninc.com,2022-04-21T11:36:25.394867+00:00,Active,None,Washington (WA),21820 87th AVE SE,Woodinville,No longer providing training,98072,US,Team Nelson,https://teamnelsoninc.com/,
dc5202f5-f939-40c7-87b5-60b4808dd6b3,2025-12-15T15:03:57.490979+00:00,2c865ecc-b1ad-4636-ae46-99a5c5a6389b,NATIONAL OUTDOOR LEADERSHIP SCHOOL,+1 307-332-1423,tom_sweet@nols.edu,2022-01-06T16:59:16.316492+00:00,Active,None,Wyoming (WY),502 Lincoln,Lander,No longer providing training,82520,US,NOLS,,+1 307-332-1389
e86f4cc7-3981-442c-8bb2-bfcd78840555,2025-08-12T20:04:47.923148+00:00,91ad2572-adcd-4d4a-82a6-90ca2c534056,National Frontier Logistics LLC,+1 347-536-0979,nationalfrontierlogistics@gmail.com,2024-05-29T12:25:38.594303+00:00,Active,None,Pennsylvania (PA),5510 Whitaker Ave,Philadelphia,Involuntary Removal,19124,US,Frontier CDL School,https://www.frontiercdl.com/,
f7f76b68-f905-4bf9-9dea-42deb1cc1c6d,2025-11-06T20:05:15.111084+00:00,2293a4a1-3f6b-4eec-a514-3c78392dbdf1,NA,+1 229-415-2999,danmaruyama@hotmail.com,2023-06-16T14:20:45.893715+00:00,Active,None,Utah (UT),3561 S BUMBLEBEE DR,Cedar City,No longer providing training,84720,US,,,
69d29252-6ad4-4189-96e9-030ff26d30bc,2025-11-06T18:25:14.090229+00:00,6b56d025-baf1-4de8-bbe5-e25490532890,MVM Contracting Inc,+1 701-205-1330,dot@mvmcontracting.com,2024-02-05T20:34:25.002866+00:00,Active,None,North Dakota (ND),3350 35th ave S,Fargo,No longer providing training,58104,US,,,
2d78093e-ec6f-479a-a44a-b076f4b12387,2025-11-17T19:52:30.98391+00:00,a712bca0-15d0-4c00-98d7-73d6ef1e52df,Motor Coach Industries,+1 214-208-6608,scott.crawford@mcicoach.com,2021-11-01T15:11:01.932662+00:00,Active,None,Kentucky (KY),7001 Universal Coach Drive,Louisville,No longer providing training,40258,US,MCI,https://www.mciacademy.com,
aabb12bd-1a9f-4218-81cd-20e89375c68e,2025-11-17T20:00:34.511753+00:00,782379d9-ee60-4325-a67c-532fc3272a5d,Morgantown Utility Board,+1 304-292-2476,jmcdonald@mub.org,2022-05-05T12:18:05.379552+00:00,Active,None,West Virginia (WV),278 Green Bag Road,Morgantown,No longer providing training,26501,US,,https://mub.org,+1 304-292-0187
c368cf18-55f5-498d-b63b-60df1238a46b,2025-11-17T20:01:38.935847+00:00,f291764a-dcc2-4bdf-88e3-2f1db466dbf7,"Moose River Energy, LLC",+1 207-668-3192,laura@hallandsmithenergy.com,2023-05-30T19:06:21.507451+00:00,Active,None,Maine (ME),407 Main St,jackman,No longer providing training,04945,US,Hall and Smith Energy,,
3f66daab-a4f2-4aab-9ae6-649ed7fa56c3,2024-07-18T12:32:49.828493+00:00,601c4a9b-8e20-4177-8148-29eac4096f6e,Moham Truck Driver Training,+1 469-868-0422,info@gottagetacdl.com,2024-05-15T13:42:08.06581+00:00,Active,None,Texas (TX),4737 Village Fair Dr Ste 104,Dallas,Set In-Review,75237,US,,http://www.gottagetacdl.com,+1 214-792-9266
d8954bbc-f2eb-4e5a-ba25-8cbeb8c8b4cb,2025-11-06T19:42:21.086669+00:00,e427e613-7faf-4148-954d-58972627e8c8,Midway Underground LLC,+1 360-608-9923,max@midwayundergroundllc.com,2024-06-28T12:35:59.938637+00:00,Active,None,Washington (WA),980 Jackson Hwy S,Toledo,No longer providing training,98591-9418,US,Midway Underground LLC,http://Midwayundergroundllc.com,
8af79a50-e68d-4e12-927d-944428bfd99c,2025-11-06T18:42:30.112877+00:00,9be9f243-57c3-4040-becf-fda018212dad,Mayers Charter Service Inc.,+1 320-256-4479,mayers_inc@yahoo.com,2022-03-23T19:13:16.84642+00:00,Active,None,Minnesota (MN),37264 County Road 13,Melrose,No longer providing training,56352,US,,,+1 320-256-4480
e9f801e9-d4d3-4802-b21b-e03c2c2fd964,2025-11-06T19:55:44.045445+00:00,6e5680ca-330e-4abf-83f4-a50b50fb76bd,MARTY ELAZER CAPP KING MECHANICAL LLC,+1 803-493-0749,ckexpressllc24.7@gmail.com,2024-03-12T18:50:52.275057+00:00,Active,None,South Carolina (SC),121 Cemetery St,Chester,No longer providing training,29706-1620,US,,,
090af176-8346-4ae8-aa34-09aa287b39dd,2025-07-01T19:19:36.556711+00:00,ae960a8a-2379-49fb-8307-b53c8d87c16c,M R Davison Logistics,+1 281-757-1765,admin@m-rdavisonlogistics.com,2022-03-29T23:30:34.475916+00:00,Active,None,Texas (TX),1438 Banbury Ct,Houston,Set In-Review,77073-4532,US,,,
a2987177-1c68-4763-9d34-a111fe19a76c,2025-12-29T19:09:24.122373+00:00,53c12cb2-72d4-43a6-9b9e-63ddb0b7bb9c,Lynnwood LLC,+1 267-223-0004,info@hotcdl.com,2024-02-22T16:10:23.86345+00:00,Active,None,Pennsylvania (PA),6801 New State Rd,Philadelphia,Set In-Review,19135,US,Hot CDL Training,http://hotcdl.com,
6bddb65a-b0f4-41b2-975d-998d59d57166,2025-11-06T18:26:27.377758+00:00,6f683546-621e-43b9-8fc0-6f1a5dbe834f,Little People's Country Academy of Arts & Education,+1 708-352-0609,admin@littlepeoplescountry.com,2025-09-26T15:57:04.852406+00:00,Active,None,Illinois (IL),211 W. Hillgrove Ave.,La Grange,No longer providing training,60525,US,,,+1 708-352-4149
40c8176e-da5b-4229-bf77-04993906def7,2025-11-06T17:58:35.383213+00:00,188f0809-9416-41ca-9718-f8a0e4e29a1c,Lebanon School District,+1 603-298-0832,pharthan@sau88.net,2024-05-20T17:34:46.261384+00:00,Active,None,New Hampshire (NH),82 Evans Dr,Lebanon,No longer providing training,03766,US,,,
92be834a-cbcd-4723-9a30-9ba99c29735a,2025-11-06T18:45:35.831418+00:00,6dbc5760-a127-4f1f-9fc1-f05149472c16,Laurel Springs Boro,+1 609-413-2708,wyates@laurelsprings-nj.com,2023-10-02T16:31:49.149352+00:00,Active,None,New Jersey (NJ),723 W Atlantic Ave,Laurel Springs,No longer providing training,08021-3145,US,Borough of Laurel Springs,,
befb25f8-5d57-4bdf-b80c-d53be6e03a25,2025-11-06T19:22:22.771217+00:00,9f94c83e-0886-4050-8414-68c8722ac8b5,LancasterBaptist Church,+1 661-946-4663,daniel.bass@lancasterbaptist.org,2022-10-13T17:41:31.006915+00:00,Active,None,California (CA),4020 E Lancaster Blvd,Lancaster,No longer providing training,93535,US,,,
ac0e62cc-2b51-4c4d-b59d-a0d94b9a519c,2025-12-24T11:16:05.080637+00:00,09e0aaa6-f7a3-4ef9-ba2d-558d61c1b884,Knight Enterprises Inc.,+1 215-368-6700,jpalmer@eventquip.com,2022-02-14T12:43:12.336825+00:00,Active,None,Pennsylvania (PA),1084 Bethlehem Pike,Montgomeryville,No longer providing training,18936,US,EventQuip,https://www.eventquip.com,
d18ec1e2-90af-4be2-a07d-34845e400960,2025-11-17T20:02:41.129146+00:00,89da5b21-48f1-412c-8c65-d90f0c339534,"Kingsbury Companies, LLC",+1 802-496-2205,rwobby@kingsburyco.com,2022-11-18T18:21:11.624482+00:00,Active,None,Vermont (VT),58 Center Rd,Middlesex,No longer providing training,05602,US,,,
7ce3eafd-ee98-496e-b1c0-fbfb3e8990a1,2026-01-12T16:07:47.647674+00:00,69e1c436-76a5-47de-8391-9bdaf107f49d,"King Limousine, LLC",+1 610-265-3050,reservations@kinglimoinc.com,2021-10-22T15:40:24.39168+00:00,Active,None,Pennsylvania (PA),370 Crooked Lane,King of Prussia,No longer providing training,19406,US,,,
dd818711-2c87-41e6-9da4-0b8c334b3cf8,2025-11-06T19:45:22.005275+00:00,ff59c952-046b-4854-9305-96feeb1faba1,KING BRIAN TRANSPORTATION CO,+1 978-398-4713,kingbriantranspo@gmail.com,2023-01-30T11:23:18.109356+00:00,Active,None,Massachusetts (MA),1R Newbury St,Peabody,No longer providing training,01960-4065,US,,,
aca8b5cd-0da6-46ec-ab71-2ceda79d3c6d,2025-07-01T19:15:29.364065+00:00,1f47a95f-ca79-43ca-aa61-cc77adf9bca5,"Kill Loads Transportation Company, LLC ",+1 435-216-2259,killloadstransport@gmail.com,2022-02-05T07:00:35.946355+00:00,Active,None,Connecticut (CT),15 woodsedge drive 3C,Newington,Set In-Review,06111,US,Kill Loads ,,
5f5781f9-3cce-4338-b20c-60302fbcac96,2025-11-06T18:20:18.077759+00:00,cd5fb3b1-34a1-48ff-a13f-9623544b1ef2,"Kelstin, Inc.",+1 419-342-5520,allison@kelstininc.com,2024-01-25T19:42:21.093118+00:00,Active,None,Ohio (OH),183 S. Gamble St,Shelby,No longer providing training,44875,US,NK1674,,
0274dc31-cdf8-4ca2-8cd0-a833bbe5c97b,2025-08-11T02:09:06.458064+00:00,71a2bae0-79d9-4eb3-8ed5-57c157062ab3,KEEP ON TRUCKIN' LLC,+1 913-839-7107,KEEPONDISPATCH@OUTLOOK.COM,2023-05-10T19:00:35.534536+00:00,Active,None,Kansas (KS),26540 W 303rd St,Paola,Involuntary Removal,66071-8440,US,,HTTP://WWW.KOTKC.COM,+1 913-273-2590
718bad8e-2b07-4804-9a83-ba37e499570e,2025-10-20T10:08:13.841351+00:00,96b97688-1ae0-4915-a7c0-6355950e89b5,K&D Global Investments LLC,+1 330-880-7071,Kmonkohio@gmail.com,2022-09-06T14:27:57.529302+00:00,Active,None,Ohio (OH),7098 Camp Rd,Homerville,Other,44235,US,Royal Workhorse Logistics,https://royalworkhorse.wixsite.com/fmcsa-eldt,
02403e3d-929e-4e32-96ab-926eb69de8a6,2025-11-06T17:29:38.178189+00:00,d9a26cbb-fb90-44d3-aff7-b67d5e105453,Jr's Harvesting Inc.,+1 605-228-5356,jrsharvesting@yahoo.com,2022-04-26T12:17:48.987082+00:00,Active,None,South Dakota (SD),32025 108th St,Eureka,No longer providing training,57437-6015,US,,,
419e28fe-b9ab-4ff4-bea7-70047d786e55,2025-12-16T14:33:42.670896+00:00,8725e9f1-8e69-4758-b3de-9c1352fd0169,"Jones Auto Parts Plus, Inc.",+1 814-672-5121,billandrhoda87@aol.com,2022-01-05T16:56:45.928719+00:00,Active,None,Pennsylvania (PA),1921 Dorsey Ave,Irvona,No longer providing training,16656,US,"Jones Auto Parts Plus, Inc.",,+1 814-672-3957
2e9aefa5-982f-48f4-be6a-7302dc6aeceb,2025-07-01T19:14:43.251652+00:00,f4a181e2-7b95-4756-939a-af2536582628,Jax Transport llc,+1 909-747-5443,JaxTransportAZ@gmail.com,2021-12-09T12:08:55.797673+00:00,Active,None,California (CA),32300 San Timoteo Canyon Rd Ste108,Redlands,Set In-Review,92373,US,,,
768be75f-db48-47f0-b494-87f9b0d159ca,2025-11-06T18:34:49.590452+00:00,a12ba34a-2f4d-4c4d-a1ec-7c8b8f1b9696,Indiana Association of Seventh day Adventist Inc.,+1 317-844-6201,treasury@indysda.org,2023-09-26T13:56:06.243516+00:00,Active,None,Indiana (IN),15205 Westfield Blvd,Carmel,No longer providing training,46032,US,Indiana Academy,,
88edb6c5-9d23-407b-9788-134f7abbbf4c,2025-08-16T01:18:38.746987+00:00,a3976824-9370-484b-a43a-f65add2afc5c,Independence Driving School & CDL Center LLC,+1 570-894-3676,contact@independencedrivingschool.com,2024-09-26T17:57:52.684203+00:00,Active,None,Pennsylvania (PA),2756 Rimrock Dr,Stroudsburg,Involuntary Removal,18360,US,Independence Driving School,,
729b8857-ad35-4131-9853-2d11c39f82b7,2025-11-06T18:33:13.87219+00:00,9111cd19-7815-419e-9c8f-d91809e17c14,Huddleston Machinery Moving Inc,+1 816-231-4147,huddlestonkc@hmmkc.com,2023-02-27T14:24:12.363895+00:00,Active,None,Missouri (MO),7800 E 12th St,Kansas City,No longer providing training,64126-2375,US,,http://huddlestonmachinerymoving.com/,
2944e81b-b26d-46c6-b45b-ea9275c4d58d,2025-12-08T19:30:20.27634+00:00,10d66cb1-bc69-495e-a85a-38a597a446fa,Houck Construction materials Inc.,+1 503-463-7177,david@houckco.com,2025-12-08T19:30:20.276342+00:00,Active,None,Oregon (OR),4444 22nd Ave NE,Salem,No longer providing training,97301-2371,US,,,
39cab11d-6cb0-4892-b586-ce66458f488f,2025-11-06T17:55:47.557886+00:00,e6e1f105-8c95-42b0-8c42-afe408fe1430,Hoosick Falls Central School,+1 518-879-4172,stellerj@hoosickfallscsd.org,2022-07-26T13:20:27.412976+00:00,Active,None,New York (NY),21187 State Route 22,Hoosick Falls,No longer providing training,12090,US,Hoosick Falls Central School,,
7d03bcae-e17a-4da4-af8e-75c1f1524842,2025-12-03T16:38:12.967202+00:00,f6162f36-869a-412d-885a-9583f2fb10bc,Holland roofing of Cincinnati INC,+1 859-525-0887,ron.tucker@holandroofing.com,2025-12-03T16:38:12.967206+00:00,Active,None,Kentucky (KY),7450 Industrial Rd,Florence,No longer providing training,41042-2916,US,,,
c01931d1-63fb-440b-bacf-71f0513cf4a9,2025-11-06T19:23:20.843929+00:00,4fbbb3f5-8430-484c-893e-6557d7e9db6f,Hinckley-Big Rock CUSD #429,+1 815-286-7578,jsonntag@hbr429.org,2025-01-09T19:11:05.072866+00:00,Active,None,Illinois (IL),700 E Lincoln Ave,Hinckley,No longer providing training,60520,US,,https://www.hbr429.org/,
7ecdd879-e989-4808-95c0-ea8c4bfef4ae,2025-11-06T18:38:01.418787+00:00,166f73fb-70e2-4b21-be7f-c7da28030bbd,Hawaii Business Consultants,+1 808-960-5676,Hawaiibusinessconsultants@gmail.com,2023-05-30T15:25:20.264373+00:00,Active,None,Hawaii (HI),2450 Kekuanaoa St.,Hilo,No longer providing training,96720,US,Hawaii Business Consultants,,
249ffa67-1334-454c-b75e-ebaf63e96039,2025-11-17T19:52:06.547821+00:00,317aa08b-7ae1-407b-a892-e09a7de49339,Harold A Taylor Jr,+1 304-863-8700,wcw@casinternet.net,2024-08-08T19:59:33.733681+00:00,Active,None,West Virginia (WV),173 Cumberland Rd,Parkersburg,No longer providing training,26101,US,Wood County Waste,http://www.woodcountywaste.com,+1 304-861-0300
1a10da49-163a-4d3f-b78d-5cb732a23035,2026-01-05T16:15:55.101507+00:00,108160e5-ccd9-4119-99f1-a8035673a037,HAMILTON R2 SCHOOL DISTRICT,+1 816-583-2134,BATTAGLIA@HAMILTON.K12.MO.US,2021-12-20T15:58:37.779461+00:00,Active,None,Missouri (MO),419 S HUGHES STREET,HAMILTON ,No longer providing training,64644,US,,,
4107f70d-5d91-4cb8-8f11-0fe7a024794b,2026-01-05T19:56:38.1263+00:00,81fbf139-206c-4520-ac15-9ca987743a04,Hacienda La Puente Unified School District,+1 626-933-3825,Rjames@hlpusd.org,2024-01-23T19:35:17.852174+00:00,Active,None,California (CA),15959 E. Gale Ave.,City Of Industry,No longer providing training,91745,US,,https://www.hlpschools.org,
74a17469-dda9-4f97-b20b-8bedda9535f7,2026-01-08T20:48:15.058274+00:00,bd3b988b-097d-491a-b09b-a026fd59b56b,HabHab Trucking School LLC,+1 615-578-0636,fandklogistics@gmail.com,2022-11-16T20:04:05.893865+00:00,Active,None,Minnesota (MN),2021 E Hennepin Ave,Minneapolis,Involuntary Removal,55413-2700,US,,http://www.habhabtrucking.com,
a68da303-a052-414c-8bf2-9db03b5eeeba,2025-11-17T19:59:49.159032+00:00,bead699f-49ca-4739-9333-1e70b7ce3001,Grimes County Road and Bridge Department,+1 936-873-4436,jonathan.steiber@grimescountytexas.goc,2024-09-11T14:18:47.447843+00:00,Active,None,Texas (TX),1022 Hwy 90 S,Anderson,No longer providing training,77830,US,,,
495dfef6-d733-4e56-b733-26526cff32ff,2025-11-06T18:02:29.965265+00:00,a7f01c07-c025-4dbe-a14e-5e742d4185e5,"Grain Protection Services, L.L.C.",+1 785-502-8801,admin@grainps.com,2023-11-17T18:24:20.886027+00:00,Active,None,Kansas (KS),4737 W. Schilling Rd.,Salina,No longer providing training,67401,US,,,
bcccea4a-c363-45fc-930c-a86fa2bca3ab,2026-01-07T22:43:32.960615+00:00,463fd52a-577a-42c7-b30f-00d0c7db9af1,GIORGIOS THE MAIN EVENT LTD,+1 716-683-7455,jcaddyman@yahoo.com,2022-02-03T21:23:26.206221+00:00,Active,None,New York (NY),5464 GENESEE ST,LANCASTER,No longer providing training,14086,US,GIORGIOS LIMOUSINE SERVICE,,
c0518dea-e9d0-4691-91d1-1ada7ab46a22,2026-01-14T13:46:58.42495+00:00,d6a6a1b4-c02e-4ce3-ba5f-f86f657a0a09,Gilboa-Conesville Central School District,+1 607-588-9822,cfancher@gccs.us,2021-11-03T17:55:34.94184+00:00,Active,None,New York (NY),132 Wyckoff Rd.,GILBOA,No longer providing training,12076,US,,,
98b1abe9-5ddc-4754-9c72-4067ce93afd1,2025-11-17T19:58:49.917468+00:00,47c6e15b-4a18-4756-a107-51142669b45a,Gentle Giant Moving Company,+1 781-358-5183,ewelch@gentlegiant.com,2022-02-01T12:00:01.735995+00:00,Active,None,Massachusetts (MA),7 McKay Ave Fl 2,Winchester,No longer providing training,01890,US,,https://www.gentlegiant.com/,
766033ff-5501-479c-ac39-a2d2b381c804,2025-11-06T18:34:42.828291+00:00,3931d959-ae54-4dc2-86aa-d79c2f8237c8,Gasconade County R-1 School District,+1 573-486-2116,llause@hermann.k12.mo.us,2022-06-30T19:25:50.823324+00:00,Active,None,Missouri (MO),170 Blue Pride Drive,Hermann,No longer providing training,65041,US,Gasconade County R-1 School District,https://www.hermann.k12.mo.us/,
eb4343f7-e483-4924-9eb5-020a482a8593,2025-07-01T19:13:38.930686+00:00,45ee908e-5572-49b8-90e6-7114dbb74158,Garrido Carriers LLC,+1 956-521-9685,garridocarriers@outlook.com,2022-06-07T13:44:53.29638+00:00,Active,None,Texas (TX),5774 Buckeye Court,Brownsville,Set In-Review,78526,US,,,
b2582843-7ee6-40a8-a37f-6db9ca429ddf,2026-01-15T16:10:47.850927+00:00,dc957ffa-fd03-4293-89f3-e11edda159ee,Galena Park ISD,+1 832-386-2724,kbush@galenaparkisd.com,2024-01-17T16:36:17.847389+00:00,Active,None,Texas (TX),812 Normandy St.,Houston,No longer providing training,77015,US,,,
d6ae5c45-5e0a-47fc-86fb-6c8d5bf142be,2026-01-16T13:54:55.001894+00:00,8303db28-de5a-4899-8a88-761593edd08c,Fort Thomas Independent Schools,+1 859-815-2001,jon.stratton@fortthomas.kyschools.us,2024-02-23T14:16:49.474666+00:00,Active,None,Kentucky (KY),28 N. Fort Thomas Ave,Fort Thomas,Set In-Review,41075,US,Fort Thomas Independent Schools,,
947395b5-3f7c-4f48-a8bb-79155af51f7e,2025-11-17T19:59:06.323655+00:00,b763e205-8d89-4637-b9cb-abd331bd79f3,First Finish Line Services,+1 715-477-0033,finishlineservices180@gmail.com,2022-03-23T18:56:58.836179+00:00,Active,None,Wisconsin (WI),3939 State Hwy 17 N,Eagle River,No longer providing training,54521,US,First Finish Line Services,,
98c70122-0a3e-4185-945a-8ccbbc9724b2,2025-11-06T18:48:01.451821+00:00,438138e1-11eb-4f28-b01e-5e07d472379d,"Finnerty, LLC",+1 610-344-0794,tfinnerty@finnertyllc.com,2024-06-21T18:29:56.729632+00:00,Active,None,Pennsylvania (PA),701 S Franklin St,West Chester,No longer providing training,19382-3729,US,"Finnerty, LLC",,+1 484-266-0916
4ecdd533-7663-4ed2-aa28-4956c6d1e3b0,2025-12-05T19:09:09.702627+00:00,ff9e078a-42b8-450c-8c65-07584d4265a4,Excavating Inc.,+1 701-839-1817,minothr@excavatinginc.com,2025-12-05T19:09:09.70263+00:00,Active,None,North Dakota (ND),5820 Highway 2 E,Minot,No longer providing training,58701,US,,http://www.excavatinginc.com,+1 701-852-4257
af411c18-bfec-407b-b764-d8cbebb9507e,2025-11-06T19:11:31.149633+00:00,a5227a84-c5dd-40cf-a76d-39ff894b216d,Ernest Epley,+1 559-639-9517,erny.epley@gmail.com,2024-03-27T14:40:00.290085+00:00,Active,None,California (CA),45259 S. Grimmer Blvd.,Fremont,No longer providing training,94539,US,Ernest Epley,,
953aeb5c-ac44-46e1-a58a-533d6022382e,2025-12-29T11:42:48.328054+00:00,c512d53d-35a9-4ff3-b363-21e84ce9e968,Erlanger Elsmere School District,+1 859-727-2009,joe.lewis@erlanger.kyschools.us,2022-01-31T13:15:03.747586+00:00,Active,None,Kentucky (KY),500 GRAVES AVE,ERLANGER,No longer providing training,41018,US,,,+1 859-727-4980
a9148c31-dee3-4a88-bff9-6cc8be9f0922,2026-01-06T15:02:01.518914+00:00,bd5a7810-4588-430d-83bc-4cd87a714fe1,"Edwards Landclearing, INC.",+1 440-988-4477,smetro@edwardstree.com,2024-01-23T19:25:07.274317+00:00,Active,None,Ohio (OH),49090 Cooper Foster Park Rd,Amherst,No longer providing training,44001-9649,US,,,
94d057a9-eeb5-4f68-a96e-94cedb5e3dcd,2026-01-06T15:00:34.949408+00:00,8b52cbb7-69e2-49b1-9b52-2f2cb3db4ac5,East Grand School District,+1 970-235-8198,lisa.mirabito@egsd.org,2026-01-06T14:58:28.24016+00:00,Active,None,Colorado (CO),"303 County Rd 611, PO Box 125",Granby,No longer providing training,80446,US,Est Grand School District,,
1e32e8a9-8b23-43cd-8bdd-d204a6795a13,2025-11-06T17:41:17.201646+00:00,57ea676b-bd15-4555-82ce-6e07078f11e4,East Coventry Twp,+1 610-495-5443,rkolbeastcoventry@outlook.com,2022-06-22T11:57:31.202029+00:00,Active,None,Pennsylvania (PA),855 Ellis Woods Rd,Pottstown,No longer providing training,19465-8151,US,,,
dfe8a802-5d1c-4044-afb4-13df9e873240,2025-11-06T19:47:29.130635+00:00,64d36377-2b50-465a-8f17-6bf7df58ec12,Early View Academy of Excellence,+1 414-793-7416,lwills@earlyviewk12.org,2023-08-09T19:41:08.433865+00:00,Active,None,Wisconsin (WI),7132 Good Hope Rd,Milwaukee,No longer providing training,53223-4611,US,,,
9424813b-ba8d-4a4b-ab12-cb733640b5df,2025-12-15T17:06:26.527213+00:00,e71d75d1-0903-4313-a300-a32e8c4b5099,Eagle Nest Enterprises,+1 503-407-8531,dric288@gmail.com,2024-05-20T21:50:16.767265+00:00,Active,None,Oregon (OR),22826 se Eagle Nest Ln.,Eagle Creek,Set In-Review,97022,US,Eagle Nest Enterprises,,
0dad0518-b4c5-43c0-891b-4fd5d4de127c,2025-11-06T17:34:26.890995+00:00,69e1d5c4-1129-47cb-834d-8adabef6a45b,Dodge City Cooperative Exchange,+1 620-225-4193,vmaple@prideag.com,2022-09-08T14:27:32.163493+00:00,Active,None,Kansas (KS),908 W Frontview St,Dodge City,No longer providing training,67801-2233,US,Pride Ag Resources,,
012b47d2-9526-481c-9a28-bfc3c59acb26,2025-11-06T17:25:46.28269+00:00,36c4439e-8f45-4682-bb7d-f853eab35204,DIGN-4U Inc.,+1 509-989-0058,dign4u.randy@gmail.com,2022-04-18T12:07:17.178122+00:00,Active,None,Washington (WA),1925 W Hampton Rd.,Othello,No longer providing training,99344,US,DIGN-4U Inc.,,
92438cb3-6ea8-4742-a6fa-4c54af64b004,2025-11-06T18:45:13.682394+00:00,00564191-20ff-4e6b-8972-01a5ac3de4fc,Des Arc Public Schools,+1 870-256-4164,sherrellm@desarcschools.org,2023-09-06T16:23:00.691507+00:00,Active,None,Arkansas (AR),600 Main St,Des Arc,No longer providing training,72040,US,Public School,https://www.desarc.wmsc.k12.ar.us/,
cbba9ae1-2f3a-4dd1-9aaf-5abc3a77345a,2025-11-06T19:35:54.373345+00:00,ffd0b6aa-490b-4605-ab99-099cde11ff23,Delran Twp. Sewer utility,+1 856-461-5111,mjohnstondsa@comcast.net,2023-08-08T16:17:14.395946+00:00,Active,None,New Jersey (NJ),33 River Dr. and Norman Ave,Delran Twp. Sewer,No longer providing training,08075,US,Delran Twp.,,+1 856-461-3515
54c5ef4d-5af4-4b48-a594-0564298b9317,2025-11-06T18:10:42.60539+00:00,7e60500c-e21d-490d-87af-943614984efe,COPIAH COUNTY SCHOOLS,+1 601-894-1341,GEROME.LEFLORE@COPIAH.MS,2022-12-12T18:58:47.677676+00:00,Active,None,Mississippi (MS),254 W Gallatin St,Hazlehurst,No longer providing training,39083-3026,US,,,+1 601-894-2634
a3254739-6c3e-4f8b-8c95-069008d57cb5,2025-12-23T13:30:20.197267+00:00,8804e692-4780-4d75-ae55-72e5f0759858,Concord Township,+1 740-881-5338,nwilgus@concordtwp.org,2024-01-17T14:31:13.927359+00:00,Active,None,Ohio (OH),"7860 Dublin rd Delaware, Ohio 43015",Delaware,No longer providing training,43015,US,,,
e695b46b-e015-473b-a87c-2b0ebe18c2dd,2025-11-06T19:53:37.977532+00:00,e9464afb-f0ea-4772-8637-a05a51fccc7b,Cole Transportation Inc,+1 814-364-2661,coletransportationinc@gmail.com,2022-01-28T15:33:14.36624+00:00,Active,None,Pennsylvania (PA),103 Skyview Dr,Spring mills,No longer providing training,16875,US,Cole Transportation Inc,,
ab55bedf-3434-4df0-ac19-391efce1e741,2025-11-06T19:09:38.647883+00:00,3258d77e-0d0a-4f8d-b471-62635ea57e30,Cobert Safety Professionals LLC,+1 877-525-3748,jcobert@cobertsafetyprofessionals.com,2022-02-14T13:00:59.754436+00:00,Active,None,California (CA),5300 McFarlane Road,Sebastopol,No longer providing training,795472,US,SPABresources.com,http://www.cobertsafetyprofessionals.com/,
baf9a1de-2a74-4d2a-99f9-6c44f117c6eb,2025-12-11T17:11:10.584602+00:00,381970df-a002-49e9-887a-c5fb82605ca2,Clearview Contractors,+1 615-804-6090,ken@cvsign.com,2023-02-03T21:36:00.339916+00:00,Active,None,Tennessee (TN),524A Donelson Pike,Nashville,No longer providing training,37214,US,,,
5ec0d7bc-d0b6-4246-8265-5f062c073a19,2025-11-06T18:19:15.950401+00:00,89bb5e5c-a6e0-452a-977b-ae9b53b7c2c3,Clay County Highway Department,+1 785-630-0564,rshomper@claycountykansas.org,2022-03-10T13:44:29.369293+00:00,Active,None,Kansas (KS),1515 17th road,Clay Center,No longer providing training,67441,US,Clay County Highway Department,,
2b0f17fb-4e0b-45fe-ae74-28c510331ff7,2025-11-18T18:27:38.609659+00:00,65e46c47-e8e9-4099-9e06-03a300a1ac35,Clarkdale-Jerome Elementary School,+1 928-634-5035,dnorman@cjsd3.net,2025-11-18T18:27:38.60966+00:00,Active,None,Arizona (AZ),1615 Main Street,Clarkdale,No longer providing training,86324,US,Clarkdale-Jerome Elementary School,,
347acd47-e668-451d-89f2-8f90ada7d13c,2025-11-06T17:53:30.549364+00:00,fdc8a235-09b3-403a-97a4-60a63b20fb46,City Of Linton,+1 812-847-7754,tbailey@cityoflinton.com,2022-04-11T13:17:41.489769+00:00,Active,None,Indiana (IN),86 S Main St,Linton,No longer providing training,47441-1819,US,,,
1381a6a0-798b-47c9-b0a8-fe93fb1ee605,2025-11-06T17:37:04.902631+00:00,4903e441-68ae-4020-bd12-0259bc6f0a70,City of DuPont,+1 253-377-4970,LKClark@dupontwa.gov,2022-07-27T18:23:57.974207+00:00,Active,None,Washington (WA),1700 Civic Dr.,DuPont,No longer providing training,98327,US,City of DuPont,,
ddb9be6d-042e-4334-b3a6-6c053f88b769,2025-12-22T14:53:05.098939+00:00,4413672c-24c8-4167-9ff2-e77448827e7c,CHEESEMAN LLC,+1 419-375-4132,SEVERS@CHEESEMAN.COM,2022-01-07T19:46:36.808741+00:00,Active,None,Ohio (OH),2200 ST RTE 119,FORT RECOVERY,No longer providing training,45846,US,CHEESEMAN LLC,,
883836c5-b9b9-4023-a62f-4dcb4e14a5c0,2026-01-02T22:26:23.615831+00:00,c60e2f2c-fd3b-471a-934e-ae5fd2103d6d,Chambersburg Area School District,+1 717-261-3462,craig.kirkpatrick@casdonline.org,2025-10-01T20:45:53.330572+00:00,Active,None,Pennsylvania (PA),850 Cider Press Rd,Chambersburg,No longer providing training,17202-8873,US,,https://www.casdonline.org,
c912095b-e3ab-45fc-8f20-133a3862b0a6,2025-11-17T20:02:13.203921+00:00,c97ee8b0-d078-4de8-8143-1b4d81161b60,Central Valley Baptist Church,+1 888-982-8931,casprelli@cvbcmanteca.org,2024-04-30T16:16:06.84164+00:00,Active,None,California (CA),17900 Comconex Rd,Manteca,No longer providing training,95336,US,,https://manteca.church/,
ad5fc980-e42d-47c0-a67d-faa4bfe910d8,2026-01-15T16:54:03.081845+00:00,4b529ba8-a193-40b3-9670-ccd327075fe4,Central Illinois Scale Co.,+1 217-442-7850,rfox@ciscale.com,2024-02-12T20:22:47.036367+00:00,Active,None,Illinois (IL),402 S L ST,TILTON,No longer providing training,61833-7837,US,,,
a300b37d-54c3-4939-b111-10e2b070c1f0,2025-08-12T20:00:41.709002+00:00,2a947939-703c-4dd7-8b6b-dedb4e99c1bc,CDL Ed Training Inc,+1 717-208-0838,info@cdlway.com,2023-01-16T20:06:58.950706+00:00,Active,None,Pennsylvania (PA),102 Chester Street,Lancaster,Involuntary Removal,17602,US,,http://www.cdlway.com,
45b207f1-6025-427c-981d-f122007ef1f2,2025-11-06T18:00:41.711618+00:00,f768234a-fd61-46df-a03b-b063034ec4e2,Cannelton Utilities,+1 812-547-7919,canneaw@psci.net,2024-06-03T16:32:50.22226+00:00,Active,None,Indiana (IN),610 Washington Street,Cannelton,No longer providing training,47520,US,,,
5c8df4f5-85a8-483d-a331-e019cc4f63cf,2026-01-05T13:47:32.010002+00:00,430bb943-7cbe-4887-b369-c65255ae2481,Byron School District,+1 815-234-5491 ext. 4400,brundle@byron226.org,2024-02-01T15:46:20.021473+00:00,Active,None,Illinois (IL),696 N Colfax Street,Byron,No longer providing training,61010,US,,,
09102725-de6e-4636-a434-1e5ee6db5961,2025-11-06T17:32:32.416161+00:00,af54d979-58c3-4ea9-8e48-069c4d371657,Burleigh County,+1 701-222-6669,drhilborn@nd.gov,2022-05-18T17:48:34.459028+00:00,Active,None,North Dakota (ND),316 N 5th St,Bismarck,No longer providing training,58501-4030,US,,,
42a09fae-3919-445c-996d-1b947a57a14e,2025-11-06T17:59:10.306536+00:00,b10c3e79-ac3d-40c2-a01e-97fae41ebec3,Broad River Water Authority,+1 828-286-0640,rhammett@ncbrwa.com,2024-02-13T20:29:54.015122+00:00,Active,None,North Carolina (NC),112 N Main St,Rutherfordton,No longer providing training,28139-2595,US,,,
1bfb9578-b87a-4de3-85a1-9a368313dcb3,2025-11-06T17:40:19.606593+00:00,b685e204-fd5b-4f30-875c-3e0002094a1b,Bovie Transport LLC,+1 812-236-9120,bovietransport@gmail.com,2023-04-24T15:11:37.488522+00:00,Active,None,Indiana (IN),4860 Catlin Rd,Rockville,No longer providing training,47872-7308,US,,,
dfc1156f-0207-4e52-abdc-0b0eeb8b984d,2025-11-06T19:47:20.123657+00:00,b121cc17-b292-4449-b9de-c64f6627c559,Bounds Grain Farm,+49 8154 8811444,trentonbounds@gmail.com,2023-03-17T19:41:20.587179+00:00,Active,None,Illinois (IL),28801 E 500 N Rd,Forrest,No longer providing training,61741,US,,,
7aeb3d6e-f807-4fea-8a1e-8820596aa9ee,2025-11-25T19:15:39.541979+00:00,1378b363-4c54-4eb1-b529-1b5e51b4150d,Borough of Lakehurst,+1 732-657-4141 ext. 303,dwinton@lakehurst-nj.gov,2023-05-23T19:01:14.906375+00:00,Active,None,New Jersey (NJ),5 Union Avenue,Lakehurst,No longer providing training,08733,US,,https://www.lakehurst-nj.gov,
c4c7d628-07ee-4d41-bd91-204a79020663,2025-11-17T20:01:35.00293+00:00,1fc5f08f-0b44-4f69-9e07-0fdfd526b424,BOROUGH OF EDGEWATER,+1 201-213-7050,thomasq@edgewaternj.org,2022-08-18T13:25:11.510025+00:00,Active,None,New Jersey (NJ),55 River Rd,Edgewater,No longer providing training,07020-1017,US,BOROUGH OF EDGEWATER,,
38768213-e2f1-4a58-8218-7750098eed16,2025-11-06T17:55:14.513718+00:00,c01ffe61-b5bc-4ea8-b251-ad80e9bbcd5c,"Be Crash Free, LLC",+1 760-881-5257,steve.kirsch@becrashfree.com,2024-05-30T14:11:21.966509+00:00,Active,None,Idaho (ID),10026 W Rustica St,Boise,No longer providing training,83709-5302,US,,http://www.becrashfree.com,
34657f30-ebe2-4396-8244-00e4881e25a5,2025-11-06T17:53:26.649103+00:00,d51f5472-2d9f-4a66-ad56-94813d948c5c,Bauchman's Towing Inc,+1 603-552-3303,bauchmanstowing@yahoo.com,2022-06-06T16:52:51.080694+00:00,Active,None,New Hampshire (NH),5 Enterprise Dr,Londonderry,No longer providing training,03053,US,Bauchman's Towing,,
e8cd29ad-c219-44b2-939f-e78bdecc8615,2025-11-17T20:04:50.63961+00:00,d49815c3-904e-4265-ace6-7ee662e76c96,Barnstable Public Schools,+508 7906498,gifford_sandy@mybps.us,2024-11-13T13:34:03.999478+00:00,Active,None,Massachusetts (MA),835 Falmouth Rd,Hyannis,No longer providing training,02601-2317,US,,https://www.barnstable.k12.ma.us/,
25e5bc76-efb4-4807-8f2f-a344033bb1b9,2025-11-06T17:43:55.734294+00:00,8df05b5e-a9e5-47b3-b370-4897753c62ef,Athey Creek Christian Fellowship,+1 971-327-2120,athey.youth@atheycreek.com,2022-07-25T17:29:53.801931+00:00,Active,None,Oregon (OR),2700 SW Ek Rd,West Linn,No longer providing training,97068,US,,,
6b2ba28c-ab82-44a0-9244-d5679b658927,2025-11-06T18:26:08.697301+00:00,91c23a98-1f6f-4f73-ba2b-ffebbf622a9d,ATHENS ACADEMY,+1 706-247-2010,rparks@athensacademy.org,2025-09-05T14:22:11.191767+00:00,Active,None,Georgia (GA),1281 Spartan Ln,Athens,No longer providing training,30606-5321,US,ATHENS ACADEMY,,
2fee985c-af86-4e59-8918-41e249acfa77,2025-11-06T17:50:55.20706+00:00,5ca9d5ba-ca79-4672-a6e8-7becabb76c68,Assistance Unlimited,+1 954-735-6295,pmajor@centralcharterschool.com,2024-02-06T15:49:30.331786+00:00,Active,None,Florida (FL),4515 N State Rd 7,Lauderdale Lakes,No longer providing training,33311,US,Central Charter School,https://www.centralcharterschool.com/,
d26a397a-9abd-4e1b-ac66-a1235f00422a,2025-11-06T19:39:30.509054+00:00,5ca98d19-9ead-4778-b062-c59ae923ef72,Arnold Oil Company Fuels LLC,+1 210-529-6345,arangel@arnoldoil.com,2024-06-27T12:50:15.947301+00:00,Active,None,Texas (TX),13109 Donop Road,San Antonio,No longer providing training,78065,US,,,
908e5f10-7c4f-4fba-a57b-5fb590edd4c6,2025-11-06T18:44:35.555944+00:00,e69377ac-ea23-4444-96b3-4a164ad1da19,"Arkansas Electric Cooperatives, Inc.",+1 501-570-2407,DOTSupport@aeci.com,2022-01-28T18:06:28.683272+00:00,Active,None,Arkansas (AR),1 Cooperative Way,Little Rock,No longer providing training,72219,US,AECI,,
d7c1c4a2-7a6b-44c3-91c3-de9a1825be24,2025-11-06T19:41:47.218976+00:00,2b406204-13fb-439b-9b00-8a6adbde12ff,Applegate Field Office Bureau of Land Management,+1 530-233-4666,sjoyce@blm.gov,2022-04-29T12:44:13.016371+00:00,Active,None,California (CA),708 W 12th St,Alturas,No longer providing training,96101-3130,US,,,
2ae3701d-1a19-431c-8191-835e010da330,2025-11-06T17:48:51.285324+00:00,48d6f3cf-2474-4a95-bd44-f68c186d7f23,Amarillo ISD,+1 806-326-1122,kirk.self@amaisd.net,2022-07-02T13:34:41.695999+00:00,Active,None,Texas (TX),7200 I40West,Amarillo,No longer providing training,79106,US,School District,http://www.amaisd.org,
568d01ac-8c46-41bd-bf2d-f2379ed081b3,2025-07-01T19:08:36.952736+00:00,d5e1a317-1aaf-41e4-b187-0100903c4b59,AM PM GLOBAL LOGISTICS,+1 404-545-9691,ampmglobal06@gmail.com,2022-08-23T13:14:20.198629+00:00,Active,None,Georgia (GA),3009 Rainbow Dr,Decatur,Set In-Review,30034-1680,US,,,+1 866-672-7762
d702e60f-98b5-42f0-9ec6-d9dadd6a0726,2025-11-06T19:41:25.74155+00:00,32cd07b8-c661-4249-8b94-55eef84eb45d,AlWood CUSD 225,+1 309-334-2719,bolduca@alwood.net,2023-01-19T18:21:28.603112+00:00,Active,None,Illinois (IL),301 E 5th Ave,Woodhull,No longer providing training,61490-9684,US,,https://sites.google.com/a/alwood.net/aw225?pli=1,
cf4a98e8-afd8-4b73-945b-09be3a80a2ee,2025-07-01T19:07:53.052276+00:00,975a467c-ae8b-4629-99bd-11a3eca3ee3e,Alvin and sons,+1 252-406-5722,sinclair0530@gmail.com,2022-07-02T00:55:06.467621+00:00,Active,None,North Carolina (NC),2609 Tucker St,Burlington,Set In-Review,27215-8857,US,,,
1ec9c8cd-b427-4aa5-a7a9-a6e5e13ffe22,2025-12-15T19:54:17.645486+00:00,66244a48-e3a2-4bc8-88ed-032269f64714,ALICE INDEPENDENT SCHOOL DISTRICT,+1 361-660-2089 ext. 0,daniel.galvan@aliceisd.net,2023-01-05T17:23:20.246516+00:00,Active,None,Texas (TX),209 S. STADIUM,ALICE,No longer providing training,78332,US,ALICE ISD,https://www.aliceisd.net/,
eb4e0fe1-90ba-4a8d-b130-8e3303470191,2025-11-06T19:56:31.778366+00:00,c873f62a-b89c-4964-8b60-a89a031b67a3,"Acton Fire Rescue, Acton, ME",+1 207-636-3230,a.small@actonfire.org,2024-01-29T16:20:07.702911+00:00,Active,None,Maine (ME),1725 ME-109,Acton,No longer providing training,04001-5207,US,,,
98ad3db3-b64d-4baa-b286-372e32a8a141,2025-09-17T13:13:01.574305+00:00,76278ec6-8bab-4c67-a566-e88394711bc0,2 Renew Logistics,+1 706-741-8986,2renewlogistics@gmail.com,2022-09-08T14:31:07.44473+00:00,Active,None,Georgia (GA),2850 GA Hwy 85 E Bldg A,Manchester,Involuntary Removal,31816,US,2 Renew Logistics,https://2renewlogistics.com,+1 706-672-6130
